Tweet,User_Name,Time/Date
my name is bob and this is a test,@bob,11:34pm on monday
my name is jill and im the worst,@jill,12:35pm on tuesday
my name is sagman bardlileriownoaosnfo,@sagman,11:47pm on saterday
my name is sagman bardlileriownoaosnfo,@sagman,11:47pm on saterday
my name is sagman bardlileriownoaosnfo,@sagman,11:47pm on saterday
my name is sagman bardlileriownoaosnfo,@sagman,11:47pm on saterday
my name is sagman bardlileriownoaosnfo,@sagman,11:47pm on saterday
my name is sagman bardlileriownoaosnfo,@sagman,11:47pm on saterday
my name is sagman bardlileriownoaosnfo,@sagman,11:47pm on saterday
my name is bob and this is a test,@bob,11:34pm on monday
my name is jill and im the worst,@jill,12:35pm on tuesday
my name is bob and this is a test,@bob,11:34pm on monday
my name is jill and im the worst,@jill,12:35pm on tuesday
my name is bob and this is a test,@bob,11:34pm on monday
my name is jill and im the worst,@jill,12:35pm on tuesday
my name is bob and this is a test,@bob,11:34pm on monday
my name is jill and im the worst,@jill,12:35pm on tuesday
my name is bob and this is a test,@bob,11:34pm on monday
my name is jill and im the worst,@jill,12:35pm on tuesday
my name is bob and this is a test,@bob,11:34pm on monday
my name is jill and im the worst,@jill,12:35pm on tuesday
my name is bob and this is a test,@bob,11:34pm on monday
my name is jill and im the worst,@jill,12:35pm on tuesday
my name is bob and this is a test,@bob,11:34pm on monday
my name is jill and im the worst,@jill,12:35pm on tuesday
my name is sagman bardlileriownoaosnfo,@sagman,11:47pm on saterday
my name is bob and this is a test,@bob,11:34pm on monday
my name is jill and im the worst,@jill,12:35pm on tuesday
my name is sagman bardlileriownoaosnfo,@sagman,11:47pm on saterday
my name is bob and this is a test,@bob,11:34pm on monday
my name is jill and im the worst,@jill,12:35pm on tuesday
my name is sagman bardlileriownoaosnfo,@sagman,11:47pm on saterday
my name is bob and this is a test,@bob,11:34pm on monday
my name is jill and im the worst,@jill,12:35pm on tuesday
my name is sagman bardlileriownoaosnfo,@sagman,11:47pm on saterday
my name is bob and this is a test,@bob,11:34pm on monday
my name is jill and im the worst,@jill,12:35pm on tuesday
my name is sagman bardlileriownoaosnfo,@sagman,11:47pm on saterday
my name is bob and this is a test,@bob,11:34pm on monday
my name is jill and im the worst,@jill,12:35pm on tuesday
my name is sagman bardlileriownoaosnfo,@sagman,11:47pm on saterday
